Bundle ID	Possible Google Play Store Link	source file
com.shannon.qualifiednetworksservice	"<a href=""https://play.google.com/store/apps/details?id=com.shannon.qualifiednetworksservice"" target=""_blank""><font color=""blue"">https://play.google.com/store/apps/details?id=com.shannon.qualifiednetworksservice</font></a>"	\data\system\packages.list
com.google.android.uvexposurereporter	"<a href=""https://play.google.com/store/apps/details?id=com.google.android.uvexposurereporter"" target=""_blank""><font color=""blue"">https://play.google.com/store/apps/details?id=com.google.android.uvexposurereporter</font></a>"	\data\system\packages.list
com.android.internal.display.cutout.emulation.noCutout	"<a href=""https://play.google.com/store/apps/details?id=com.android.internal.display.cutout.emulation.noCutout"" target=""_blank""><font color=""blue"">https://play.google.com/store/apps/details?id=com.android.internal.display.cutout.emulation.noCutout</font></a>"	\data\system\packages.list
com.google.android.networkstack.tethering	"<a href=""https://play.google.com/store/apps/details?id=com.google.android.networkstack.tethering"" target=""_blank""><font color=""blue"">https://play.google.com/store/apps/details?id=com.google.android.networkstack.tethering</font></a>"	\data\system\packages.list
com.google.android.overlay.trafficlightfaceoverlay	"<a href=""https://play.google.com/store/apps/details?id=com.google.android.overlay.trafficlightfaceoverlay"" target=""_blank""><font color=""blue"">https://play.google.com/store/apps/details?id=com.google.android.overlay.trafficlightfaceoverlay</font></a>"	\data\system\packages.list
com.google.omadm.trigger	"<a href=""https://play.google.com/store/apps/details?id=com.google.omadm.trigger"" target=""_blank""><font color=""blue"">https://play.google.com/store/apps/details?id=com.google.omadm.trigger</font></a>"	\data\system\packages.list
com.google.android.carriersetup	"<a href=""https://play.google.com/store/apps/details?id=com.google.android.carriersetup"" target=""_blank""><font color=""blue"">https://play.google.com/store/apps/details?id=com.google.android.carriersetup</font></a>"	\data\system\packages.list
com.android.cts.priv.ctsshim	"<a href=""https://play.google.com/store/apps/details?id=com.android.cts.priv.ctsshim"" target=""_blank""><font color=""blue"">https://play.google.com/store/apps/details?id=com.android.cts.priv.ctsshim</font></a>"	\data\system\packages.list
com.google.android.youtube	"<a href=""https://play.google.com/store/apps/details?id=com.google.android.youtube"" target=""_blank""><font color=""blue"">https://play.google.com/store/apps/details?id=com.google.android.youtube</font></a>"	\data\system\packages.list
com.vzw.apnlib	"<a href=""https://play.google.com/store/apps/details?id=com.vzw.apnlib"" target=""_blank""><font color=""blue"">https://play.google.com/store/apps/details?id=com.vzw.apnlib</font></a>"	\data\system\packages.list
com.android.uwb.resources	"<a href=""https://play.google.com/store/apps/details?id=com.android.uwb.resources"" target=""_blank""><font color=""blue"">https://play.google.com/store/apps/details?id=com.android.uwb.resources</font></a>"	\data\system\packages.list
com.android.internal.display.cutout.emulation.corner	"<a href=""https://play.google.com/store/apps/details?id=com.android.internal.display.cutout.emulation.corner"" target=""_blank""><font color=""blue"">https://play.google.com/store/apps/details?id=com.android.internal.display.cutout.emulation.corner</font></a>"	\data\system\packages.list
com.android.settings.overlay.pixel2021	"<a href=""https://play.google.com/store/apps/details?id=com.android.settings.overlay.pixel2021"" target=""_blank""><font color=""blue"">https://play.google.com/store/apps/details?id=com.android.settings.overlay.pixel2021</font></a>"	\data\system\packages.list
com.google.android.ext.services	"<a href=""https://play.google.com/store/apps/details?id=com.google.android.ext.services"" target=""_blank""><font color=""blue"">https://play.google.com/store/apps/details?id=com.google.android.ext.services</font></a>"	\data\system\packages.list
com.android.internal.display.cutout.emulation.double	"<a href=""https://play.google.com/store/apps/details?id=com.android.internal.display.cutout.emulation.double"" target=""_blank""><font color=""blue"">https://play.google.com/store/apps/details?id=com.android.internal.display.cutout.emulation.double</font></a>"	\data\system\packages.list
com.google.android.overlay.pixelconfig2018	"<a href=""https://play.google.com/store/apps/details?id=com.google.android.overlay.pixelconfig2018"" target=""_blank""><font color=""blue"">https://play.google.com/store/apps/details?id=com.google.android.overlay.pixelconfig2018</font></a>"	\data\system\packages.list
com.google.android.overlay.pixelconfig2019	"<a href=""https://play.google.com/store/apps/details?id=com.google.android.overlay.pixelconfig2019"" target=""_blank""><font color=""blue"">https://play.google.com/store/apps/details?id=com.google.android.overlay.pixelconfig2019</font></a>"	\data\system\packages.list
com.google.android.overlay.pixelconfig2021	"<a href=""https://play.google.com/store/apps/details?id=com.google.android.overlay.pixelconfig2021"" target=""_blank""><font color=""blue"">https://play.google.com/store/apps/details?id=com.google.android.overlay.pixelconfig2021</font></a>"	\data\system\packages.list
com.android.providers.telephony	"<a href=""https://play.google.com/store/apps/details?id=com.android.providers.telephony"" target=""_blank""><font color=""blue"">https://play.google.com/store/apps/details?id=com.android.providers.telephony</font></a>"	\data\system\packages.list
com.google.android.carrierlocation	"<a href=""https://play.google.com/store/apps/details?id=com.google.android.carrierlocation"" target=""_blank""><font color=""blue"">https://play.google.com/store/apps/details?id=com.google.android.carrierlocation</font></a>"	\data\system\packages.list
com.android.dynsystem	"<a href=""https://play.google.com/store/apps/details?id=com.android.dynsystem"" target=""_blank""><font color=""blue"">https://play.google.com/store/apps/details?id=com.android.dynsystem</font></a>"	\data\system\packages.list
com.android.sdm.plugins.connmo	"<a href=""https://play.google.com/store/apps/details?id=com.android.sdm.plugins.connmo"" target=""_blank""><font color=""blue"">https://play.google.com/store/apps/details?id=com.android.sdm.plugins.connmo</font></a>"	\data\system\packages.list
com.google.android.googlequicksearchbox	"<a href=""https://play.google.com/store/apps/details?id=com.google.android.googlequicksearchbox"" target=""_blank""><font color=""blue"">https://play.google.com/store/apps/details?id=com.google.android.googlequicksearchbox</font></a>"	\data\system\packages.list
com.google.android.cellbroadcastservice	"<a href=""https://play.google.com/store/apps/details?id=com.google.android.cellbroadcastservice"" target=""_blank""><font color=""blue"">https://play.google.com/store/apps/details?id=com.google.android.cellbroadcastservice</font></a>"	\data\system\packages.list
com.verizon.mips.services	"<a href=""https://play.google.com/store/apps/details?id=com.verizon.mips.services"" target=""_blank""><font color=""blue"">https://play.google.com/store/apps/details?id=com.verizon.mips.services</font></a>"	\data\system\packages.list
com.google.android.flipendo.auto_generated_rro_vendor__	"<a href=""https://play.google.com/store/apps/details?id=com.google.android.flipendo.auto_generated_rro_vendor__"" target=""_blank""><font color=""blue"">https://play.google.com/store/apps/details?id=com.google.android.flipendo.auto_generated_rro_vendor__</font></a>"	\data\system\packages.list
com.android.providers.calendar	"<a href=""https://play.google.com/store/apps/details?id=com.android.providers.calendar"" target=""_blank""><font color=""blue"">https://play.google.com/store/apps/details?id=com.android.providers.calendar</font></a>"	\data\system\packages.list
com.google.android.googlequicksearchbox.nga_resources	"<a href=""https://play.google.com/store/apps/details?id=com.google.android.googlequicksearchbox.nga_resources"" target=""_blank""><font color=""blue"">https://play.google.com/store/apps/details?id=com.google.android.googlequicksearchbox.nga_resources</font></a>"	\data\system\packages.list
com.android.providers.media	"<a href=""https://play.google.com/store/apps/details?id=com.android.providers.media"" target=""_blank""><font color=""blue"">https://play.google.com/store/apps/details?id=com.android.providers.media</font></a>"	\data\system\packages.list
com.google.pixel.livewallpaper	"<a href=""https://play.google.com/store/apps/details?id=com.google.pixel.livewallpaper"" target=""_blank""><font color=""blue"">https://play.google.com/store/apps/details?id=com.google.pixel.livewallpaper</font></a>"	\data\system\packages.list
com.google.android.onetimeinitializer	"<a href=""https://play.google.com/store/apps/details?id=com.google.android.onetimeinitializer"" target=""_blank""><font color=""blue"">https://play.google.com/store/apps/details?id=com.google.android.onetimeinitializer</font></a>"	\data\system\packages.list
com.google.android.ext.shared	"<a href=""https://play.google.com/store/apps/details?id=com.google.android.ext.shared"" target=""_blank""><font color=""blue"">https://play.google.com/store/apps/details?id=com.google.android.ext.shared</font></a>"	\data\system\packages.list
com.android.internal.systemui.navbar.gestural_wide_back	"<a href=""https://play.google.com/store/apps/details?id=com.android.internal.systemui.navbar.gestural_wide_back"" target=""_blank""><font color=""blue"">https://play.google.com/store/apps/details?id=com.android.internal.systemui.navbar.gestural_wide_back</font></a>"	\data\system\packages.list
com.qorvo.uwb.vendorservice	"<a href=""https://play.google.com/store/apps/details?id=com.qorvo.uwb.vendorservice"" target=""_blank""><font color=""blue"">https://play.google.com/store/apps/details?id=com.qorvo.uwb.vendorservice</font></a>"	\data\system\packages.list
com.android.hbmsvmanager	"<a href=""https://play.google.com/store/apps/details?id=com.android.hbmsvmanager"" target=""_blank""><font color=""blue"">https://play.google.com/store/apps/details?id=com.android.hbmsvmanager</font></a>"	\data\system\packages.list
com.google.android.euiccoverlay	"<a href=""https://play.google.com/store/apps/details?id=com.google.android.euiccoverlay"" target=""_blank""><font color=""blue"">https://play.google.com/store/apps/details?id=com.google.android.euiccoverlay</font></a>"	\data\system\packages.list
com.google.android.apps.diagnosticstool	"<a href=""https://play.google.com/store/apps/details?id=com.google.android.apps.diagnosticstool"" target=""_blank""><font color=""blue"">https://play.google.com/store/apps/details?id=com.google.android.apps.diagnosticstool</font></a>"	\data\system\packages.list
com.google.euiccpixel.permissions	"<a href=""https://play.google.com/store/apps/details?id=com.google.euiccpixel.permissions"" target=""_blank""><font color=""blue"">https://play.google.com/store/apps/details?id=com.google.euiccpixel.permissions</font></a>"	\data\system\packages.list
com.google.euiccpixel	"<a href=""https://play.google.com/store/apps/details?id=com.google.euiccpixel"" target=""_blank""><font color=""blue"">https://play.google.com/store/apps/details?id=com.google.euiccpixel</font></a>"	\data\system\packages.list
com.google.android.flipendo	"<a href=""https://play.google.com/store/apps/details?id=com.google.android.flipendo"" target=""_blank""><font color=""blue"">https://play.google.com/store/apps/details?id=com.google.android.flipendo</font></a>"	\data\system\packages.list
com.android.settings.overlay.g8v0u	"<a href=""https://play.google.com/store/apps/details?id=com.android.settings.overlay.g8v0u"" target=""_blank""><font color=""blue"">https://play.google.com/store/apps/details?id=com.android.settings.overlay.g8v0u</font></a>"	\data\system\packages.list
com.google.android.storagemanager.auto_generated_rro_product__	"<a href=""https://play.google.com/store/apps/details?id=com.google.android.storagemanager.auto_generated_rro_product__"" target=""_blank""><font color=""blue"">https://play.google.com/store/apps/details?id=com.google.android.storagemanager.auto_generated_rro_product__</font></a>"	\data\system\packages.list
com.android.settings.overlay.raven	"<a href=""https://play.google.com/store/apps/details?id=com.android.settings.overlay.raven"" target=""_blank""><font color=""blue"">https://play.google.com/store/apps/details?id=com.android.settings.overlay.raven</font></a>"	\data\system\packages.list
com.android.simappdialog.auto_generated_rro_product__	"<a href=""https://play.google.com/store/apps/details?id=com.android.simappdialog.auto_generated_rro_product__"" target=""_blank""><font color=""blue"">https://play.google.com/store/apps/details?id=com.android.simappdialog.auto_generated_rro_product__</font></a>"	\data\system\packages.list
com.android.safetyregulatoryinfo.auto_generated_rro_product__	"<a href=""https://play.google.com/store/apps/details?id=com.android.safetyregulatoryinfo.auto_generated_rro_product__"" target=""_blank""><font color=""blue"">https://play.google.com/store/apps/details?id=com.android.safetyregulatoryinfo.auto_generated_rro_product__</font></a>"	\data\system\packages.list
com.android.omadm.service.auto_generated_rro_product__	"<a href=""https://play.google.com/store/apps/details?id=com.android.omadm.service.auto_generated_rro_product__"" target=""_blank""><font color=""blue"">https://play.google.com/store/apps/details?id=com.android.omadm.service.auto_generated_rro_product__</font></a>"	\data\system\packages.list
com.android.externalstorage	"<a href=""https://play.google.com/store/apps/details?id=com.android.externalstorage"" target=""_blank""><font color=""blue"">https://play.google.com/store/apps/details?id=com.android.externalstorage</font></a>"	\data\system\packages.list
com.android.htmlviewer	"<a href=""https://play.google.com/store/apps/details?id=com.android.htmlviewer"" target=""_blank""><font color=""blue"">https://play.google.com/store/apps/details?id=com.android.htmlviewer</font></a>"	\data\system\packages.list
com.android.companiondevicemanager	"<a href=""https://play.google.com/store/apps/details?id=com.android.companiondevicemanager"" target=""_blank""><font color=""blue"">https://play.google.com/store/apps/details?id=com.android.companiondevicemanager</font></a>"	\data\system\packages.list
com.android.mms.service	"<a href=""https://play.google.com/store/apps/details?id=com.android.mms.service"" target=""_blank""><font color=""blue"">https://play.google.com/store/apps/details?id=com.android.mms.service</font></a>"	\data\system\packages.list
com.android.providers.downloads	"<a href=""https://play.google.com/store/apps/details?id=com.android.providers.downloads"" target=""_blank""><font color=""blue"">https://play.google.com/store/apps/details?id=com.android.providers.downloads</font></a>"	\data\system\packages.list
com.android.systemui.auto_generated_rro_product__	"<a href=""https://play.google.com/store/apps/details?id=com.android.systemui.auto_generated_rro_product__"" target=""_blank""><font color=""blue"">https://play.google.com/store/apps/details?id=com.android.systemui.auto_generated_rro_product__</font></a>"	\data\system\packages.list
com.google.android.apps.messaging	"<a href=""https://play.google.com/store/apps/details?id=com.google.android.apps.messaging"" target=""_blank""><font color=""blue"">https://play.google.com/store/apps/details?id=com.google.android.apps.messaging</font></a>"	\data\system\packages.list
com.google.android.soundpicker	"<a href=""https://play.google.com/store/apps/details?id=com.google.android.soundpicker"" target=""_blank""><font color=""blue"">https://play.google.com/store/apps/details?id=com.google.android.soundpicker</font></a>"	\data\system\packages.list
com.google.android.systemui.overlay.pixelbatteryhealthconfig	"<a href=""https://play.google.com/store/apps/details?id=com.google.android.systemui.overlay.pixelbatteryhealthconfig"" target=""_blank""><font color=""blue"">https://play.google.com/store/apps/details?id=com.google.android.systemui.overlay.pixelbatteryhealthconfig</font></a>"	\data\system\packages.list
android.autoinstalls.config.google.nexus	"<a href=""https://play.google.com/store/apps/details?id=android.autoinstalls.config.google.nexus"" target=""_blank""><font color=""blue"">https://play.google.com/store/apps/details?id=android.autoinstalls.config.google.nexus</font></a>"	\data\system\packages.list
com.google.android.apps.scone.overlays	"<a href=""https://play.google.com/store/apps/details?id=com.google.android.apps.scone.overlays"" target=""_blank""><font color=""blue"">https://play.google.com/store/apps/details?id=com.google.android.apps.scone.overlays</font></a>"	\data\system\packages.list
com.google.android.configupdater	"<a href=""https://play.google.com/store/apps/details?id=com.google.android.configupdater"" target=""_blank""><font color=""blue"">https://play.google.com/store/apps/details?id=com.google.android.configupdater</font></a>"	\data\system\packages.list
com.google.android.providers.media.module	"<a href=""https://play.google.com/store/apps/details?id=com.google.android.providers.media.module"" target=""_blank""><font color=""blue"">https://play.google.com/store/apps/details?id=com.google.android.providers.media.module</font></a>"	\data\system\packages.list
com.google.android.overlay.udfpsoverlay	"<a href=""https://play.google.com/store/apps/details?id=com.google.android.overlay.udfpsoverlay"" target=""_blank""><font color=""blue"">https://play.google.com/store/apps/details?id=com.google.android.overlay.udfpsoverlay</font></a>"	\data\system\packages.list
com.google.android.wifi.resources.pixel	"<a href=""https://play.google.com/store/apps/details?id=com.google.android.wifi.resources.pixel"" target=""_blank""><font color=""blue"">https://play.google.com/store/apps/details?id=com.google.android.wifi.resources.pixel</font></a>"	\data\system\packages.list
com.google.android.overlay.googlewebview	"<a href=""https://play.google.com/store/apps/details?id=com.google.android.overlay.googlewebview"" target=""_blank""><font color=""blue"">https://play.google.com/store/apps/details?id=com.google.android.overlay.googlewebview</font></a>"	\data\system\packages.list
com.google.android.apps.safetyhub	"<a href=""https://play.google.com/store/apps/details?id=com.google.android.apps.safetyhub"" target=""_blank""><font color=""blue"">https://play.google.com/store/apps/details?id=com.google.android.apps.safetyhub</font></a>"	\data\system\packages.list
com.google.android.factoryota	"<a href=""https://play.google.com/store/apps/details?id=com.google.android.factoryota"" target=""_blank""><font color=""blue"">https://play.google.com/store/apps/details?id=com.google.android.factoryota</font></a>"	\data\system\packages.list
com.android.systemui.plugin.globalactions.wallet	"<a href=""https://play.google.com/store/apps/details?id=com.android.systemui.plugin.globalactions.wallet"" target=""_blank""><font color=""blue"">https://play.google.com/store/apps/details?id=com.android.systemui.plugin.globalactions.wallet</font></a>"	\data\system\packages.list
com.google.ar.core	"<a href=""https://play.google.com/store/apps/details?id=com.google.ar.core"" target=""_blank""><font color=""blue"">https://play.google.com/store/apps/details?id=com.google.ar.core</font></a>"	\data\system\packages.list
com.android.providers.downloads.ui	"<a href=""https://play.google.com/store/apps/details?id=com.android.providers.downloads.ui"" target=""_blank""><font color=""blue"">https://play.google.com/store/apps/details?id=com.android.providers.downloads.ui</font></a>"	\data\system\packages.list
com.google.android.hotspot2.osulogin	"<a href=""https://play.google.com/store/apps/details?id=com.google.android.hotspot2.osulogin"" target=""_blank""><font color=""blue"">https://play.google.com/store/apps/details?id=com.google.android.hotspot2.osulogin</font></a>"	\data\system\packages.list
com.android.vending	"<a href=""https://play.google.com/store/apps/details?id=com.android.vending"" target=""_blank""><font color=""blue"">https://play.google.com/store/apps/details?id=com.android.vending</font></a>"	\data\system\packages.list
com.android.pacprocessor	"<a href=""https://play.google.com/store/apps/details?id=com.android.pacprocessor"" target=""_blank""><font color=""blue"">https://play.google.com/store/apps/details?id=com.android.pacprocessor</font></a>"	\data\system\packages.list
com.android.simappdialog	"<a href=""https://play.google.com/store/apps/details?id=com.android.simappdialog"" target=""_blank""><font color=""blue"">https://play.google.com/store/apps/details?id=com.android.simappdialog</font></a>"	\data\system\packages.list
com.android.cellbroadcastreceiver.overlay.pixel	"<a href=""https://play.google.com/store/apps/details?id=com.android.cellbroadcastreceiver.overlay.pixel"" target=""_blank""><font color=""blue"">https://play.google.com/store/apps/details?id=com.android.cellbroadcastreceiver.overlay.pixel</font></a>"	\data\system\packages.list
com.joeykrim.rootcheck	"<a href=""https://play.google.com/store/apps/details?id=com.joeykrim.rootcheck"" target=""_blank""><font color=""blue"">https://play.google.com/store/apps/details?id=com.joeykrim.rootcheck</font></a>"	\data\system\packages.list
com.google.android.adservices.api	"<a href=""https://play.google.com/store/apps/details?id=com.google.android.adservices.api"" target=""_blank""><font color=""blue"">https://play.google.com/store/apps/details?id=com.google.android.adservices.api</font></a>"	\data\system\packages.list
com.google.android.overlay.pixelconfig2019midyear	"<a href=""https://play.google.com/store/apps/details?id=com.google.android.overlay.pixelconfig2019midyear"" target=""_blank""><font color=""blue"">https://play.google.com/store/apps/details?id=com.google.android.overlay.pixelconfig2019midyear</font></a>"	\data\system\packages.list
com.android.internal.display.cutout.emulation.hole	"<a href=""https://play.google.com/store/apps/details?id=com.android.internal.display.cutout.emulation.hole"" target=""_blank""><font color=""blue"">https://play.google.com/store/apps/details?id=com.android.internal.display.cutout.emulation.hole</font></a>"	\data\system\packages.list
com.android.internal.display.cutout.emulation.tall	"<a href=""https://play.google.com/store/apps/details?id=com.android.internal.display.cutout.emulation.tall"" target=""_blank""><font color=""blue"">https://play.google.com/store/apps/details?id=com.android.internal.display.cutout.emulation.tall</font></a>"	\data\system\packages.list
com.android.networkstack.overlay	"<a href=""https://play.google.com/store/apps/details?id=com.android.networkstack.overlay"" target=""_blank""><font color=""blue"">https://play.google.com/store/apps/details?id=com.android.networkstack.overlay</font></a>"	\data\system\packages.list
com.android.certinstaller	"<a href=""https://play.google.com/store/apps/details?id=com.android.certinstaller"" target=""_blank""><font color=""blue"">https://play.google.com/store/apps/details?id=com.android.certinstaller</font></a>"	\data\system\packages.list
com.google.android.marvin.talkback	"<a href=""https://play.google.com/store/apps/details?id=com.google.android.marvin.talkback"" target=""_blank""><font color=""blue"">https://play.google.com/store/apps/details?id=com.google.android.marvin.talkback</font></a>"	\data\system\packages.list
com.google.android.apps.accessibility.voiceaccess	"<a href=""https://play.google.com/store/apps/details?id=com.google.android.apps.accessibility.voiceaccess"" target=""_blank""><font color=""blue"">https://play.google.com/store/apps/details?id=com.google.android.apps.accessibility.voiceaccess</font></a>"	\data\system\packages.list
com.google.android.connectivity.resources.overlay	"<a href=""https://play.google.com/store/apps/details?id=com.google.android.connectivity.resources.overlay"" target=""_blank""><font color=""blue"">https://play.google.com/store/apps/details?id=com.google.android.connectivity.resources.overlay</font></a>"	\data\system\packages.list
com.android.internal.systemui.navbar.threebutton	"<a href=""https://play.google.com/store/apps/details?id=com.android.internal.systemui.navbar.threebutton"" target=""_blank""><font color=""blue"">https://play.google.com/store/apps/details?id=com.android.internal.systemui.navbar.threebutton</font></a>"	\data\system\packages.list
com.google.android.apps.work.oobconfig	"<a href=""https://play.google.com/store/apps/details?id=com.google.android.apps.work.oobconfig"" target=""_blank""><font color=""blue"">https://play.google.com/store/apps/details?id=com.google.android.apps.work.oobconfig</font></a>"	\data\system\packages.list
android	"<a href=""https://play.google.com/store/apps/details?id=android"" target=""_blank""><font color=""blue"">https://play.google.com/store/apps/details?id=android</font></a>"	\data\system\packages.list
com.android.hotwordenrollment.xgoogle	"<a href=""https://play.google.com/store/apps/details?id=com.android.hotwordenrollment.xgoogle"" target=""_blank""><font color=""blue"">https://play.google.com/store/apps/details?id=com.android.hotwordenrollment.xgoogle</font></a>"	\data\system\packages.list
com.google.android.pixel.setupwizard	"<a href=""https://play.google.com/store/apps/details?id=com.google.android.pixel.setupwizard"" target=""_blank""><font color=""blue"">https://play.google.com/store/apps/details?id=com.google.android.pixel.setupwizard</font></a>"	\data\system\packages.list
com.google.android.grilservice	"<a href=""https://play.google.com/store/apps/details?id=com.google.android.grilservice"" target=""_blank""><font color=""blue"">https://play.google.com/store/apps/details?id=com.google.android.grilservice</font></a>"	\data\system\packages.list
com.google.android.sdksandbox	"<a href=""https://play.google.com/store/apps/details?id=com.google.android.sdksandbox"" target=""_blank""><font color=""blue"">https://play.google.com/store/apps/details?id=com.google.android.sdksandbox</font></a>"	\data\system\packages.list
com.android.egg	"<a href=""https://play.google.com/store/apps/details?id=com.android.egg"" target=""_blank""><font color=""blue"">https://play.google.com/store/apps/details?id=com.android.egg</font></a>"	\data\system\packages.list
com.android.mtp	"<a href=""https://play.google.com/store/apps/details?id=com.android.mtp"" target=""_blank""><font color=""blue"">https://play.google.com/store/apps/details?id=com.android.mtp</font></a>"	\data\system\packages.list
com.android.nfc	"<a href=""https://play.google.com/store/apps/details?id=com.android.nfc"" target=""_blank""><font color=""blue"">https://play.google.com/store/apps/details?id=com.android.nfc</font></a>"	\data\system\packages.list
com.android.ons	"<a href=""https://play.google.com/store/apps/details?id=com.android.ons"" target=""_blank""><font color=""blue"">https://play.google.com/store/apps/details?id=com.android.ons</font></a>"	\data\system\packages.list
com.android.stk	"<a href=""https://play.google.com/store/apps/details?id=com.android.stk"" target=""_blank""><font color=""blue"">https://play.google.com/store/apps/details?id=com.android.stk</font></a>"	\data\system\packages.list
com.android.backupconfirm	"<a href=""https://play.google.com/store/apps/details?id=com.android.backupconfirm"" target=""_blank""><font color=""blue"">https://play.google.com/store/apps/details?id=com.android.backupconfirm</font></a>"	\data\system\packages.list
com.android.settings.auto_generated_rro_vendor__	"<a href=""https://play.google.com/store/apps/details?id=com.android.settings.auto_generated_rro_vendor__"" target=""_blank""><font color=""blue"">https://play.google.com/store/apps/details?id=com.android.settings.auto_generated_rro_vendor__</font></a>"	\data\system\packages.list
com.android.systemui.auto_generated_rro_vendor__	"<a href=""https://play.google.com/store/apps/details?id=com.android.systemui.auto_generated_rro_vendor__"" target=""_blank""><font color=""blue"">https://play.google.com/store/apps/details?id=com.android.systemui.auto_generated_rro_vendor__</font></a>"	\data\system\packages.list
com.samsung.slsi.telephony.oem.oemrilhookservice	"<a href=""https://play.google.com/store/apps/details?id=com.samsung.slsi.telephony.oem.oemrilhookservice"" target=""_blank""><font color=""blue"">https://play.google.com/store/apps/details?id=com.samsung.slsi.telephony.oem.oemrilhookservice</font></a>"	\data\system\packages.list
com.google.android.deskclock	"<a href=""https://play.google.com/store/apps/details?id=com.google.android.deskclock"" target=""_blank""><font color=""blue"">https://play.google.com/store/apps/details?id=com.google.android.deskclock</font></a>"	\data\system\packages.list
com.google.android.as	"<a href=""https://play.google.com/store/apps/details?id=com.google.android.as"" target=""_blank""><font color=""blue"">https://play.google.com/store/apps/details?id=com.google.android.as</font></a>"	\data\system\packages.list
com.google.android.gm	"<a href=""https://play.google.com/store/apps/details?id=com.google.android.gm"" target=""_blank""><font color=""blue"">https://play.google.com/store/apps/details?id=com.google.android.gm</font></a>"	\data\system\packages.list
com.google.android.carrier	"<a href=""https://play.google.com/store/apps/details?id=com.google.android.carrier"" target=""_blank""><font color=""blue"">https://play.google.com/store/apps/details?id=com.google.android.carrier</font></a>"	\data\system\packages.list
com.google.android.apps.security.securityhub	"<a href=""https://play.google.com/store/apps/details?id=com.google.android.apps.security.securityhub"" target=""_blank""><font color=""blue"">https://play.google.com/store/apps/details?id=com.google.android.apps.security.securityhub</font></a>"	\data\system\packages.list
com.google.android.turboadapter	"<a href=""https://play.google.com/store/apps/details?id=com.google.android.turboadapter"" target=""_blank""><font color=""blue"">https://play.google.com/store/apps/details?id=com.google.android.turboadapter</font></a>"	\data\system\packages.list
com.android.managedprovisioning.overlay	"<a href=""https://play.google.com/store/apps/details?id=com.android.managedprovisioning.overlay"" target=""_blank""><font color=""blue"">https://play.google.com/store/apps/details?id=com.android.managedprovisioning.overlay</font></a>"	\data\system\packages.list
com.android.internal.systemui.navbar.gestural_extra_wide_back	"<a href=""https://play.google.com/store/apps/details?id=com.android.internal.systemui.navbar.gestural_extra_wide_back"" target=""_blank""><font color=""blue"">https://play.google.com/store/apps/details?id=com.android.internal.systemui.navbar.gestural_extra_wide_back</font></a>"	\data\system\packages.list
com.google.android.permissioncontroller	"<a href=""https://play.google.com/store/apps/details?id=com.google.android.permissioncontroller"" target=""_blank""><font color=""blue"">https://play.google.com/store/apps/details?id=com.google.android.permissioncontroller</font></a>"	\data\system\packages.list
com.google.android.setupwizard	"<a href=""https://play.google.com/store/apps/details?id=com.google.android.setupwizard"" target=""_blank""><font color=""blue"">https://play.google.com/store/apps/details?id=com.google.android.setupwizard</font></a>"	\data\system\packages.list
com.google.android.bluetooth	"<a href=""https://play.google.com/store/apps/details?id=com.google.android.bluetooth"" target=""_blank""><font color=""blue"">https://play.google.com/store/apps/details?id=com.google.android.bluetooth</font></a>"	\data\system\packages.list
com.google.pixel.digitalkey.timesync	"<a href=""https://play.google.com/store/apps/details?id=com.google.pixel.digitalkey.timesync"" target=""_blank""><font color=""blue"">https://play.google.com/store/apps/details?id=com.google.pixel.digitalkey.timesync</font></a>"	\data\system\packages.list
com.android.providers.settings	"<a href=""https://play.google.com/store/apps/details?id=com.android.providers.settings"" target=""_blank""><font color=""blue"">https://play.google.com/store/apps/details?id=com.android.providers.settings</font></a>"	\data\system\packages.list
com.google.android.networkstack.tethering.overlay2021	"<a href=""https://play.google.com/store/apps/details?id=com.google.android.networkstack.tethering.overlay2021"" target=""_blank""><font color=""blue"">https://play.google.com/store/apps/details?id=com.google.android.networkstack.tethering.overlay2021</font></a>"	\data\system\packages.list
com.android.sharedstoragebackup	"<a href=""https://play.google.com/store/apps/details?id=com.android.sharedstoragebackup"" target=""_blank""><font color=""blue"">https://play.google.com/store/apps/details?id=com.android.sharedstoragebackup</font></a>"	\data\system\packages.list
com.verizon.services	"<a href=""https://play.google.com/store/apps/details?id=com.verizon.services"" target=""_blank""><font color=""blue"">https://play.google.com/store/apps/details?id=com.verizon.services</font></a>"	\data\system\packages.list
com.android.nfc.auto_generated_rro_product__	"<a href=""https://play.google.com/store/apps/details?id=com.android.nfc.auto_generated_rro_product__"" target=""_blank""><font color=""blue"">https://play.google.com/store/apps/details?id=com.android.nfc.auto_generated_rro_product__</font></a>"	\data\system\packages.list
com.google.android.euicc	"<a href=""https://play.google.com/store/apps/details?id=com.google.android.euicc"" target=""_blank""><font color=""blue"">https://play.google.com/store/apps/details?id=com.google.android.euicc</font></a>"	\data\system\packages.list
com.google.android.iwlan	"<a href=""https://play.google.com/store/apps/details?id=com.google.android.iwlan"" target=""_blank""><font color=""blue"">https://play.google.com/store/apps/details?id=com.google.android.iwlan</font></a>"	\data\system\packages.list
com.android.printspooler	"<a href=""https://play.google.com/store/apps/details?id=com.android.printspooler"" target=""_blank""><font color=""blue"">https://play.google.com/store/apps/details?id=com.android.printspooler</font></a>"	\data\system\packages.list
com.android.hotwordenrollment.okgoogle	"<a href=""https://play.google.com/store/apps/details?id=com.android.hotwordenrollment.okgoogle"" target=""_blank""><font color=""blue"">https://play.google.com/store/apps/details?id=com.android.hotwordenrollment.okgoogle</font></a>"	\data\system\packages.list
com.android.sdm.plugins.diagmon	"<a href=""https://play.google.com/store/apps/details?id=com.android.sdm.plugins.diagmon"" target=""_blank""><font color=""blue"">https://play.google.com/store/apps/details?id=com.android.sdm.plugins.diagmon</font></a>"	\data\system\packages.list
com.android.dreams.basic	"<a href=""https://play.google.com/store/apps/details?id=com.android.dreams.basic"" target=""_blank""><font color=""blue"">https://play.google.com/store/apps/details?id=com.android.dreams.basic</font></a>"	\data\system\packages.list
com.google.android.pixel.setupwizard.auto_generated_rro_product__	"<a href=""https://play.google.com/store/apps/details?id=com.google.android.pixel.setupwizard.auto_generated_rro_product__"" target=""_blank""><font color=""blue"">https://play.google.com/store/apps/details?id=com.google.android.pixel.setupwizard.auto_generated_rro_product__</font></a>"	\data\system\packages.list
com.android.providers.settings.auto_generated_rro_product__	"<a href=""https://play.google.com/store/apps/details?id=com.android.providers.settings.auto_generated_rro_product__"" target=""_blank""><font color=""blue"">https://play.google.com/store/apps/details?id=com.android.providers.settings.auto_generated_rro_product__</font></a>"	\data\system\packages.list
com.google.android.as.oss	"<a href=""https://play.google.com/store/apps/details?id=com.google.android.as.oss"" target=""_blank""><font color=""blue"">https://play.google.com/store/apps/details?id=com.google.android.as.oss</font></a>"	\data\system\packages.list
com.android.se	"<a href=""https://play.google.com/store/apps/details?id=com.android.se"" target=""_blank""><font color=""blue"">https://play.google.com/store/apps/details?id=com.android.se</font></a>"	\data\system\packages.list
com.android.inputdevices	"<a href=""https://play.google.com/store/apps/details?id=com.android.inputdevices"" target=""_blank""><font color=""blue"">https://play.google.com/store/apps/details?id=com.android.inputdevices</font></a>"	\data\system\packages.list
com.android.traceur.auto_generated_rro_product__	"<a href=""https://play.google.com/store/apps/details?id=com.android.traceur.auto_generated_rro_product__"" target=""_blank""><font color=""blue"">https://play.google.com/store/apps/details?id=com.android.traceur.auto_generated_rro_product__</font></a>"	\data\system\packages.list
com.google.android.apps.wellbeing	"<a href=""https://play.google.com/store/apps/details?id=com.google.android.apps.wellbeing"" target=""_blank""><font color=""blue"">https://play.google.com/store/apps/details?id=com.google.android.apps.wellbeing</font></a>"	\data\system\packages.list
com.google.android.dialer	"<a href=""https://play.google.com/store/apps/details?id=com.google.android.dialer"" target=""_blank""><font color=""blue"">https://play.google.com/store/apps/details?id=com.google.android.dialer</font></a>"	\data\system\packages.list
com.android.bips	"<a href=""https://play.google.com/store/apps/details?id=com.android.bips"" target=""_blank""><font color=""blue"">https://play.google.com/store/apps/details?id=com.android.bips</font></a>"	\data\system\packages.list
com.google.audio.hearing.visualization.accessibility.scribe	"<a href=""https://play.google.com/store/apps/details?id=com.google.audio.hearing.visualization.accessibility.scribe"" target=""_blank""><font color=""blue"">https://play.google.com/store/apps/details?id=com.google.audio.hearing.visualization.accessibility.scribe</font></a>"	\data\system\packages.list
com.google.android.apps.nbu.files	"<a href=""https://play.google.com/store/apps/details?id=com.google.android.apps.nbu.files"" target=""_blank""><font color=""blue"">https://play.google.com/store/apps/details?id=com.google.android.apps.nbu.files</font></a>"	\data\system\packages.list
com.google.android.captiveportallogin	"<a href=""https://play.google.com/store/apps/details?id=com.google.android.captiveportallogin"" target=""_blank""><font color=""blue"">https://play.google.com/store/apps/details?id=com.google.android.captiveportallogin</font></a>"	\data\system\packages.list
com.google.android.flipendo.auto_generated_rro_product__	"<a href=""https://play.google.com/store/apps/details?id=com.google.android.flipendo.auto_generated_rro_product__"" target=""_blank""><font color=""blue"">https://play.google.com/store/apps/details?id=com.google.android.flipendo.auto_generated_rro_product__</font></a>"	\data\system\packages.list
com.google.android.accessibility.soundamplifier	"<a href=""https://play.google.com/store/apps/details?id=com.google.android.accessibility.soundamplifier"" target=""_blank""><font color=""blue"">https://play.google.com/store/apps/details?id=com.google.android.accessibility.soundamplifier</font></a>"	\data\system\packages.list
com.shannon.rcsservice	"<a href=""https://play.google.com/store/apps/details?id=com.shannon.rcsservice"" target=""_blank""><font color=""blue"">https://play.google.com/store/apps/details?id=com.shannon.rcsservice</font></a>"	\data\system\packages.list
com.google.ambient.streaming	"<a href=""https://play.google.com/store/apps/details?id=com.google.ambient.streaming"" target=""_blank""><font color=""blue"">https://play.google.com/store/apps/details?id=com.google.ambient.streaming</font></a>"	\data\system\packages.list
com.android.musicfx	"<a href=""https://play.google.com/store/apps/details?id=com.android.musicfx"" target=""_blank""><font color=""blue"">https://play.google.com/store/apps/details?id=com.android.musicfx</font></a>"	\data\system\packages.list
com.android.ons.auto_generated_rro_vendor__	"<a href=""https://play.google.com/store/apps/details?id=com.android.ons.auto_generated_rro_vendor__"" target=""_blank""><font color=""blue"">https://play.google.com/store/apps/details?id=com.android.ons.auto_generated_rro_vendor__</font></a>"	\data\system\packages.list
com.google.android.apps.docs	"<a href=""https://play.google.com/store/apps/details?id=com.google.android.apps.docs"" target=""_blank""><font color=""blue"">https://play.google.com/store/apps/details?id=com.google.android.apps.docs</font></a>"	\data\system\packages.list
com.google.android.apps.maps	"<a href=""https://play.google.com/store/apps/details?id=com.google.android.apps.maps"" target=""_blank""><font color=""blue"">https://play.google.com/store/apps/details?id=com.google.android.apps.maps</font></a>"	\data\system\packages.list
com.google.android.apps.tips	"<a href=""https://play.google.com/store/apps/details?id=com.google.android.apps.tips"" target=""_blank""><font color=""blue"">https://play.google.com/store/apps/details?id=com.google.android.apps.tips</font></a>"	\data\system\packages.list
com.google.android.documentsui.theme.pixel	"<a href=""https://play.google.com/store/apps/details?id=com.google.android.documentsui.theme.pixel"" target=""_blank""><font color=""blue"">https://play.google.com/store/apps/details?id=com.google.android.documentsui.theme.pixel</font></a>"	\data\system\packages.list
com.google.android.modulemetadata	"<a href=""https://play.google.com/store/apps/details?id=com.google.android.modulemetadata"" target=""_blank""><font color=""blue"">https://play.google.com/store/apps/details?id=com.google.android.modulemetadata</font></a>"	\data\system\packages.list
com.google.android.markup	"<a href=""https://play.google.com/store/apps/details?id=com.google.android.markup"" target=""_blank""><font color=""blue"">https://play.google.com/store/apps/details?id=com.google.android.markup</font></a>"	\data\system\packages.list
com.android.cellbroadcastreceiver	"<a href=""https://play.google.com/store/apps/details?id=com.android.cellbroadcastreceiver"" target=""_blank""><font color=""blue"">https://play.google.com/store/apps/details?id=com.android.cellbroadcastreceiver</font></a>"	\data\system\packages.list
com.google.android.webview	"<a href=""https://play.google.com/store/apps/details?id=com.google.android.webview"" target=""_blank""><font color=""blue"">https://play.google.com/store/apps/details?id=com.google.android.webview</font></a>"	\data\system\packages.list
com.google.android.apps.carrier.log	"<a href=""https://play.google.com/store/apps/details?id=com.google.android.apps.carrier.log"" target=""_blank""><font color=""blue"">https://play.google.com/store/apps/details?id=com.google.android.apps.carrier.log</font></a>"	\data\system\packages.list
com.google.android.networkstack	"<a href=""https://play.google.com/store/apps/details?id=com.google.android.networkstack"" target=""_blank""><font color=""blue"">https://play.google.com/store/apps/details?id=com.google.android.networkstack</font></a>"	\data\system\packages.list
com.google.android.contacts	"<a href=""https://play.google.com/store/apps/details?id=com.google.android.contacts"" target=""_blank""><font color=""blue"">https://play.google.com/store/apps/details?id=com.google.android.contacts</font></a>"	\data\system\packages.list
com.android.server.telecom	"<a href=""https://play.google.com/store/apps/details?id=com.android.server.telecom"" target=""_blank""><font color=""blue"">https://play.google.com/store/apps/details?id=com.android.server.telecom</font></a>"	\data\system\packages.list
com.android.keychain	"<a href=""https://play.google.com/store/apps/details?id=com.android.keychain"" target=""_blank""><font color=""blue"">https://play.google.com/store/apps/details?id=com.android.keychain</font></a>"	\data\system\packages.list
com.android.server.telecom.auto_generated_rro_product__	"<a href=""https://play.google.com/store/apps/details?id=com.android.server.telecom.auto_generated_rro_product__"" target=""_blank""><font color=""blue"">https://play.google.com/store/apps/details?id=com.android.server.telecom.auto_generated_rro_product__</font></a>"	\data\system\packages.list
com.google.android.overlay.googleconfig	"<a href=""https://play.google.com/store/apps/details?id=com.google.android.overlay.googleconfig"" target=""_blank""><font color=""blue"">https://play.google.com/store/apps/details?id=com.google.android.overlay.googleconfig</font></a>"	\data\system\packages.list
com.google.android.calculator	"<a href=""https://play.google.com/store/apps/details?id=com.google.android.calculator"" target=""_blank""><font color=""blue"">https://play.google.com/store/apps/details?id=com.google.android.calculator</font></a>"	\data\system\packages.list
com.android.chrome	"<a href=""https://play.google.com/store/apps/details?id=com.android.chrome"" target=""_blank""><font color=""blue"">https://play.google.com/store/apps/details?id=com.android.chrome</font></a>"	\data\system\packages.list
com.android.bips.auto_generated_rro_product__	"<a href=""https://play.google.com/store/apps/details?id=com.android.bips.auto_generated_rro_product__"" target=""_blank""><font color=""blue"">https://play.google.com/store/apps/details?id=com.android.bips.auto_generated_rro_product__</font></a>"	\data\system\packages.list
com.google.android.packageinstaller	"<a href=""https://play.google.com/store/apps/details?id=com.google.android.packageinstaller"" target=""_blank""><font color=""blue"">https://play.google.com/store/apps/details?id=com.google.android.packageinstaller</font></a>"	\data\system\packages.list
com.google.android.apps.customization.pixel	"<a href=""https://play.google.com/store/apps/details?id=com.google.android.apps.customization.pixel"" target=""_blank""><font color=""blue"">https://play.google.com/store/apps/details?id=com.google.android.apps.customization.pixel</font></a>"	\data\system\packages.list
com.google.android.gms	"<a href=""https://play.google.com/store/apps/details?id=com.google.android.gms"" target=""_blank""><font color=""blue"">https://play.google.com/store/apps/details?id=com.google.android.gms</font></a>"	\data\system\packages.list
com.google.android.gsf	"<a href=""https://play.google.com/store/apps/details?id=com.google.android.gsf"" target=""_blank""><font color=""blue"">https://play.google.com/store/apps/details?id=com.google.android.gsf</font></a>"	\data\system\packages.list
com.google.android.ims	"<a href=""https://play.google.com/store/apps/details?id=com.google.android.ims"" target=""_blank""><font color=""blue"">https://play.google.com/store/apps/details?id=com.google.android.ims</font></a>"	\data\system\packages.list
com.google.android.tag	"<a href=""https://play.google.com/store/apps/details?id=com.google.android.tag"" target=""_blank""><font color=""blue"">https://play.google.com/store/apps/details?id=com.google.android.tag</font></a>"	\data\system\packages.list
com.google.android.tts	"<a href=""https://play.google.com/store/apps/details?id=com.google.android.tts"" target=""_blank""><font color=""blue"">https://play.google.com/store/apps/details?id=com.google.android.tts</font></a>"	\data\system\packages.list
com.google.android.overlay.permissioncontroller	"<a href=""https://play.google.com/store/apps/details?id=com.google.android.overlay.permissioncontroller"" target=""_blank""><font color=""blue"">https://play.google.com/store/apps/details?id=com.google.android.overlay.permissioncontroller</font></a>"	\data\system\packages.list
com.android.calllogbackup	"<a href=""https://play.google.com/store/apps/details?id=com.android.calllogbackup"" target=""_blank""><font color=""blue"">https://play.google.com/store/apps/details?id=com.android.calllogbackup</font></a>"	\data\system\packages.list
com.google.android.partnersetup	"<a href=""https://play.google.com/store/apps/details?id=com.google.android.partnersetup"" target=""_blank""><font color=""blue"">https://play.google.com/store/apps/details?id=com.google.android.partnersetup</font></a>"	\data\system\packages.list
com.android.safetyregulatoryinfo	"<a href=""https://play.google.com/store/apps/details?id=com.android.safetyregulatoryinfo"" target=""_blank""><font color=""blue"">https://play.google.com/store/apps/details?id=com.android.safetyregulatoryinfo</font></a>"	\data\system\packages.list
com.android.cameraextensions	"<a href=""https://play.google.com/store/apps/details?id=com.android.cameraextensions"" target=""_blank""><font color=""blue"">https://play.google.com/store/apps/details?id=com.android.cameraextensions</font></a>"	\data\system\packages.list
com.google.android.pixel.setupwizard.overlay	"<a href=""https://play.google.com/store/apps/details?id=com.google.android.pixel.setupwizard.overlay"" target=""_blank""><font color=""blue"">https://play.google.com/store/apps/details?id=com.google.android.pixel.setupwizard.overlay</font></a>"	\data\system\packages.list
com.google.android.apps.wallpaper.pixel	"<a href=""https://play.google.com/store/apps/details?id=com.google.android.apps.wallpaper.pixel"" target=""_blank""><font color=""blue"">https://play.google.com/store/apps/details?id=com.google.android.apps.wallpaper.pixel</font></a>"	\data\system\packages.list
com.android.localtransport	"<a href=""https://play.google.com/store/apps/details?id=com.android.localtransport"" target=""_blank""><font color=""blue"">https://play.google.com/store/apps/details?id=com.android.localtransport</font></a>"	\data\system\packages.list
com.google.android.videos	"<a href=""https://play.google.com/store/apps/details?id=com.google.android.videos"" target=""_blank""><font color=""blue"">https://play.google.com/store/apps/details?id=com.google.android.videos</font></a>"	\data\system\packages.list
com.google.euiccpixel.overlay.gs101	"<a href=""https://play.google.com/store/apps/details?id=com.google.euiccpixel.overlay.gs101"" target=""_blank""><font color=""blue"">https://play.google.com/store/apps/details?id=com.google.euiccpixel.overlay.gs101</font></a>"	\data\system\packages.list
com.google.android.wallpaper.effects	"<a href=""https://play.google.com/store/apps/details?id=com.google.android.wallpaper.effects"" target=""_blank""><font color=""blue"">https://play.google.com/store/apps/details?id=com.google.android.wallpaper.effects</font></a>"	\data\system\packages.list
com.google.android.apps.nexuslauncher	"<a href=""https://play.google.com/store/apps/details?id=com.google.android.apps.nexuslauncher"" target=""_blank""><font color=""blue"">https://play.google.com/store/apps/details?id=com.google.android.apps.nexuslauncher</font></a>"	\data\system\packages.list
com.google.android.nearby.halfsheet	"<a href=""https://play.google.com/store/apps/details?id=com.google.android.nearby.halfsheet"" target=""_blank""><font color=""blue"">https://play.google.com/store/apps/details?id=com.google.android.nearby.halfsheet</font></a>"	\data\system\packages.list
com.android.carrierdefaultapp	"<a href=""https://play.google.com/store/apps/details?id=com.android.carrierdefaultapp"" target=""_blank""><font color=""blue"">https://play.google.com/store/apps/details?id=com.android.carrierdefaultapp</font></a>"	\data\system\packages.list
com.google.android.virtualmachine.res	"<a href=""https://play.google.com/store/apps/details?id=com.google.android.virtualmachine.res"" target=""_blank""><font color=""blue"">https://play.google.com/store/apps/details?id=com.google.android.virtualmachine.res</font></a>"	\data\system\packages.list
com.google.RilConfigService	"<a href=""https://play.google.com/store/apps/details?id=com.google.RilConfigService"" target=""_blank""><font color=""blue"">https://play.google.com/store/apps/details?id=com.google.RilConfigService</font></a>"	\data\system\packages.list
com.android.theme.font.notoserifsource	"<a href=""https://play.google.com/store/apps/details?id=com.android.theme.font.notoserifsource"" target=""_blank""><font color=""blue"">https://play.google.com/store/apps/details?id=com.android.theme.font.notoserifsource</font></a>"	\data\system\packages.list
com.android.proxyhandler	"<a href=""https://play.google.com/store/apps/details?id=com.android.proxyhandler"" target=""_blank""><font color=""blue"">https://play.google.com/store/apps/details?id=com.android.proxyhandler</font></a>"	\data\system\packages.list
com.google.android.safetycenter.resources	"<a href=""https://play.google.com/store/apps/details?id=com.google.android.safetycenter.resources"" target=""_blank""><font color=""blue"">https://play.google.com/store/apps/details?id=com.google.android.safetycenter.resources</font></a>"	\data\system\packages.list
com.google.android.compos.payload	"<a href=""https://play.google.com/store/apps/details?id=com.google.android.compos.payload"" target=""_blank""><font color=""blue"">https://play.google.com/store/apps/details?id=com.google.android.compos.payload</font></a>"	\data\system\packages.list
com.android.internal.display.cutout.emulation.waterfall	"<a href=""https://play.google.com/store/apps/details?id=com.android.internal.display.cutout.emulation.waterfall"" target=""_blank""><font color=""blue"">https://play.google.com/store/apps/details?id=com.android.internal.display.cutout.emulation.waterfall</font></a>"	\data\system\packages.list
com.android.intentresolver	"<a href=""https://play.google.com/store/apps/details?id=com.android.intentresolver"" target=""_blank""><font color=""blue"">https://play.google.com/store/apps/details?id=com.android.intentresolver</font></a>"	\data\system\packages.list
com.google.SSRestartDetector	"<a href=""https://play.google.com/store/apps/details?id=com.google.SSRestartDetector"" target=""_blank""><font color=""blue"">https://play.google.com/store/apps/details?id=com.google.SSRestartDetector</font></a>"	\data\system\packages.list
com.google.android.storagemanager.auto_generated_rro_vendor__	"<a href=""https://play.google.com/store/apps/details?id=com.google.android.storagemanager.auto_generated_rro_vendor__"" target=""_blank""><font color=""blue"">https://play.google.com/store/apps/details?id=com.google.android.storagemanager.auto_generated_rro_vendor__</font></a>"	\data\system\packages.list
com.customermobile.preload.vzw	"<a href=""https://play.google.com/store/apps/details?id=com.customermobile.preload.vzw"" target=""_blank""><font color=""blue"">https://play.google.com/store/apps/details?id=com.customermobile.preload.vzw</font></a>"	\data\system\packages.list
com.zhiliaoapp.musically	"<a href=""https://play.google.com/store/apps/details?id=com.zhiliaoapp.musically"" target=""_blank""><font color=""blue"">https://play.google.com/store/apps/details?id=com.zhiliaoapp.musically</font></a>"	\data\system\packages.list
com.google.android.connectivity.resources	"<a href=""https://play.google.com/store/apps/details?id=com.google.android.connectivity.resources"" target=""_blank""><font color=""blue"">https://play.google.com/store/apps/details?id=com.google.android.connectivity.resources</font></a>"	\data\system\packages.list
com.android.providers.contacts.auto_generated_rro_product__	"<a href=""https://play.google.com/store/apps/details?id=com.android.providers.contacts.auto_generated_rro_product__"" target=""_blank""><font color=""blue"">https://play.google.com/store/apps/details?id=com.android.providers.contacts.auto_generated_rro_product__</font></a>"	\data\system\packages.list
com.google.android.feedback	"<a href=""https://play.google.com/store/apps/details?id=com.google.android.feedback"" target=""_blank""><font color=""blue"">https://play.google.com/store/apps/details?id=com.google.android.feedback</font></a>"	\data\system\packages.list
com.topjohnwu.magisk	"<a href=""https://play.google.com/store/apps/details?id=com.topjohnwu.magisk"" target=""_blank""><font color=""blue"">https://play.google.com/store/apps/details?id=com.topjohnwu.magisk</font></a>"	\data\system\packages.list
com.google.android.printservice.recommendation	"<a href=""https://play.google.com/store/apps/details?id=com.google.android.printservice.recommendation"" target=""_blank""><font color=""blue"">https://play.google.com/store/apps/details?id=com.google.android.printservice.recommendation</font></a>"	\data\system\packages.list
com.google.android.apps.photos	"<a href=""https://play.google.com/store/apps/details?id=com.google.android.apps.photos"" target=""_blank""><font color=""blue"">https://play.google.com/store/apps/details?id=com.google.android.apps.photos</font></a>"	\data\system\packages.list
com.google.android.calendar	"<a href=""https://play.google.com/store/apps/details?id=com.google.android.calendar"" target=""_blank""><font color=""blue"">https://play.google.com/store/apps/details?id=com.google.android.calendar</font></a>"	\data\system\packages.list
com.android.managedprovisioning	"<a href=""https://play.google.com/store/apps/details?id=com.android.managedprovisioning"" target=""_blank""><font color=""blue"">https://play.google.com/store/apps/details?id=com.android.managedprovisioning</font></a>"	\data\system\packages.list
com.google.android.pixelnfc	"<a href=""https://play.google.com/store/apps/details?id=com.google.android.pixelnfc"" target=""_blank""><font color=""blue"">https://play.google.com/store/apps/details?id=com.google.android.pixelnfc</font></a>"	\data\system\packages.list
com.android.soundpicker	"<a href=""https://play.google.com/store/apps/details?id=com.android.soundpicker"" target=""_blank""><font color=""blue"">https://play.google.com/store/apps/details?id=com.android.soundpicker</font></a>"	\data\system\packages.list
com.google.android.documentsui	"<a href=""https://play.google.com/store/apps/details?id=com.google.android.documentsui"" target=""_blank""><font color=""blue"">https://play.google.com/store/apps/details?id=com.google.android.documentsui</font></a>"	\data\system\packages.list
com.google.mainline.telemetry	"<a href=""https://play.google.com/store/apps/details?id=com.google.mainline.telemetry"" target=""_blank""><font color=""blue"">https://play.google.com/store/apps/details?id=com.google.mainline.telemetry</font></a>"	\data\system\packages.list
com.google.android.systemui.gxoverlay	"<a href=""https://play.google.com/store/apps/details?id=com.google.android.systemui.gxoverlay"" target=""_blank""><font color=""blue"">https://play.google.com/store/apps/details?id=com.google.android.systemui.gxoverlay</font></a>"	\data\system\packages.list
com.google.android.apps.internal.betterbug	"<a href=""https://play.google.com/store/apps/details?id=com.google.android.apps.internal.betterbug"" target=""_blank""><font color=""blue"">https://play.google.com/store/apps/details?id=com.google.android.apps.internal.betterbug</font></a>"	\data\system\packages.list
com.android.cellbroadcastservice.overlay.pixel	"<a href=""https://play.google.com/store/apps/details?id=com.android.cellbroadcastservice.overlay.pixel"" target=""_blank""><font color=""blue"">https://play.google.com/store/apps/details?id=com.android.cellbroadcastservice.overlay.pixel</font></a>"	\data\system\packages.list
com.android.sdm.plugins.dcmo	"<a href=""https://play.google.com/store/apps/details?id=com.android.sdm.plugins.dcmo"" target=""_blank""><font color=""blue"">https://play.google.com/store/apps/details?id=com.android.sdm.plugins.dcmo</font></a>"	\data\system\packages.list
com.google.android.apps.camera.services	"<a href=""https://play.google.com/store/apps/details?id=com.google.android.apps.camera.services"" target=""_blank""><font color=""blue"">https://play.google.com/store/apps/details?id=com.google.android.apps.camera.services</font></a>"	\data\system\packages.list
com.android.providers.partnerbookmarks	"<a href=""https://play.google.com/store/apps/details?id=com.android.providers.partnerbookmarks"" target=""_blank""><font color=""blue"">https://play.google.com/store/apps/details?id=com.android.providers.partnerbookmarks</font></a>"	\data\system\packages.list
com.google.android.pixel.setupwizard.overlay2019	"<a href=""https://play.google.com/store/apps/details?id=com.google.android.pixel.setupwizard.overlay2019"" target=""_blank""><font color=""blue"">https://play.google.com/store/apps/details?id=com.google.android.pixel.setupwizard.overlay2019</font></a>"	\data\system\packages.list
com.google.android.pixel.setupwizard.overlay2021	"<a href=""https://play.google.com/store/apps/details?id=com.google.android.pixel.setupwizard.overlay2021"" target=""_blank""><font color=""blue"">https://play.google.com/store/apps/details?id=com.google.android.pixel.setupwizard.overlay2021</font></a>"	\data\system\packages.list
com.shannon.imsservice	"<a href=""https://play.google.com/store/apps/details?id=com.shannon.imsservice"" target=""_blank""><font color=""blue"">https://play.google.com/store/apps/details?id=com.shannon.imsservice</font></a>"	\data\system\packages.list
com.android.wallpaper.livepicker	"<a href=""https://play.google.com/store/apps/details?id=com.android.wallpaper.livepicker"" target=""_blank""><font color=""blue"">https://play.google.com/store/apps/details?id=com.android.wallpaper.livepicker</font></a>"	\data\system\packages.list
com.android.providers.telephony.auto_generated_rro_product__	"<a href=""https://play.google.com/store/apps/details?id=com.android.providers.telephony.auto_generated_rro_product__"" target=""_blank""><font color=""blue"">https://play.google.com/store/apps/details?id=com.android.providers.telephony.auto_generated_rro_product__</font></a>"	\data\system\packages.list
com.android.phone.auto_generated_rro_vendor__	"<a href=""https://play.google.com/store/apps/details?id=com.android.phone.auto_generated_rro_vendor__"" target=""_blank""><font color=""blue"">https://play.google.com/store/apps/details?id=com.android.phone.auto_generated_rro_vendor__</font></a>"	\data\system\packages.list
com.google.mainline.adservices	"<a href=""https://play.google.com/store/apps/details?id=com.google.mainline.adservices"" target=""_blank""><font color=""blue"">https://play.google.com/store/apps/details?id=com.google.mainline.adservices</font></a>"	\data\system\packages.list
com.android.imsserviceentitlement	"<a href=""https://play.google.com/store/apps/details?id=com.android.imsserviceentitlement"" target=""_blank""><font color=""blue"">https://play.google.com/store/apps/details?id=com.android.imsserviceentitlement</font></a>"	\data\system\packages.list
com.android.traceur.auto_generated_rro_vendor__	"<a href=""https://play.google.com/store/apps/details?id=com.android.traceur.auto_generated_rro_vendor__"" target=""_blank""><font color=""blue"">https://play.google.com/store/apps/details?id=com.android.traceur.auto_generated_rro_vendor__</font></a>"	\data\system\packages.list
com.google.android.apps.cbrsnetworkmonitor	"<a href=""https://play.google.com/store/apps/details?id=com.google.android.apps.cbrsnetworkmonitor"" target=""_blank""><font color=""blue"">https://play.google.com/store/apps/details?id=com.google.android.apps.cbrsnetworkmonitor</font></a>"	\data\system\packages.list
com.android.internal.display.cutout.emulation.avoidAppsInCutout	"<a href=""https://play.google.com/store/apps/details?id=com.android.internal.display.cutout.emulation.avoidAppsInCutout"" target=""_blank""><font color=""blue"">https://play.google.com/store/apps/details?id=com.android.internal.display.cutout.emulation.avoidAppsInCutout</font></a>"	\data\system\packages.list
com.google.android.gms.supervision	"<a href=""https://play.google.com/store/apps/details?id=com.google.android.gms.supervision"" target=""_blank""><font color=""blue"">https://play.google.com/store/apps/details?id=com.google.android.gms.supervision</font></a>"	\data\system\packages.list
com.android.bookmarkprovider	"<a href=""https://play.google.com/store/apps/details?id=com.android.bookmarkprovider"" target=""_blank""><font color=""blue"">https://play.google.com/store/apps/details?id=com.android.bookmarkprovider</font></a>"	\data\system\packages.list
com.google.android.overlay.pixelconfigcommon	"<a href=""https://play.google.com/store/apps/details?id=com.google.android.overlay.pixelconfigcommon"" target=""_blank""><font color=""blue"">https://play.google.com/store/apps/details?id=com.google.android.overlay.pixelconfigcommon</font></a>"	\data\system\packages.list
com.android.settings	"<a href=""https://play.google.com/store/apps/details?id=com.android.settings"" target=""_blank""><font color=""blue"">https://play.google.com/store/apps/details?id=com.android.settings</font></a>"	\data\system\packages.list
com.google.android.wfcactivation	"<a href=""https://play.google.com/store/apps/details?id=com.google.android.wfcactivation"" target=""_blank""><font color=""blue"">https://play.google.com/store/apps/details?id=com.google.android.wfcactivation</font></a>"	\data\system\packages.list
com.google.android.apps.healthdata	"<a href=""https://play.google.com/store/apps/details?id=com.google.android.apps.healthdata"" target=""_blank""><font color=""blue"">https://play.google.com/store/apps/details?id=com.google.android.apps.healthdata</font></a>"	\data\system\packages.list
com.samsung.slsi.telephony.oemril	"<a href=""https://play.google.com/store/apps/details?id=com.samsung.slsi.telephony.oemril"" target=""_blank""><font color=""blue"">https://play.google.com/store/apps/details?id=com.samsung.slsi.telephony.oemril</font></a>"	\data\system\packages.list
com.google.android.settings.intelligence	"<a href=""https://play.google.com/store/apps/details?id=com.google.android.settings.intelligence"" target=""_blank""><font color=""blue"">https://play.google.com/store/apps/details?id=com.google.android.settings.intelligence</font></a>"	\data\system\packages.list
com.google.android.projection.gearhead	"<a href=""https://play.google.com/store/apps/details?id=com.google.android.projection.gearhead"" target=""_blank""><font color=""blue"">https://play.google.com/store/apps/details?id=com.google.android.projection.gearhead</font></a>"	\data\system\packages.list
com.google.android.apps.scone	"<a href=""https://play.google.com/store/apps/details?id=com.google.android.apps.scone"" target=""_blank""><font color=""blue"">https://play.google.com/store/apps/details?id=com.google.android.apps.scone</font></a>"	\data\system\packages.list
com.google.android.apps.turbo	"<a href=""https://play.google.com/store/apps/details?id=com.google.android.apps.turbo"" target=""_blank""><font color=""blue"">https://play.google.com/store/apps/details?id=com.google.android.apps.turbo</font></a>"	\data\system\packages.list
com.google.android.apps.tycho	"<a href=""https://play.google.com/store/apps/details?id=com.google.android.apps.tycho"" target=""_blank""><font color=""blue"">https://play.google.com/store/apps/details?id=com.google.android.apps.tycho</font></a>"	\data\system\packages.list
com.google.android.tetheringentitlement	"<a href=""https://play.google.com/store/apps/details?id=com.google.android.tetheringentitlement"" target=""_blank""><font color=""blue"">https://play.google.com/store/apps/details?id=com.google.android.tetheringentitlement</font></a>"	\data\system\packages.list
com.android.omadm.service	"<a href=""https://play.google.com/store/apps/details?id=com.android.omadm.service"" target=""_blank""><font color=""blue"">https://play.google.com/store/apps/details?id=com.android.omadm.service</font></a>"	\data\system\packages.list
com.google.android.apps.dreamliner	"<a href=""https://play.google.com/store/apps/details?id=com.google.android.apps.dreamliner"" target=""_blank""><font color=""blue"">https://play.google.com/store/apps/details?id=com.google.android.apps.dreamliner</font></a>"	\data\system\packages.list
com.android.cts.ctsshim	"<a href=""https://play.google.com/store/apps/details?id=com.android.cts.ctsshim"" target=""_blank""><font color=""blue"">https://play.google.com/store/apps/details?id=com.android.cts.ctsshim</font></a>"	\data\system\packages.list
com.google.android.apps.wearables.maestro.companion	"<a href=""https://play.google.com/store/apps/details?id=com.google.android.apps.wearables.maestro.companion"" target=""_blank""><font color=""blue"">https://play.google.com/store/apps/details?id=com.google.android.apps.wearables.maestro.companion</font></a>"	\data\system\packages.list
com.google.android.wifi.resources	"<a href=""https://play.google.com/store/apps/details?id=com.google.android.wifi.resources"" target=""_blank""><font color=""blue"">https://play.google.com/store/apps/details?id=com.google.android.wifi.resources</font></a>"	\data\system\packages.list
com.android.remoteprovisioner	"<a href=""https://play.google.com/store/apps/details?id=com.android.remoteprovisioner"" target=""_blank""><font color=""blue"">https://play.google.com/store/apps/details?id=com.android.remoteprovisioner</font></a>"	\data\system\packages.list
com.google.android.wifi.dialog	"<a href=""https://play.google.com/store/apps/details?id=com.google.android.wifi.dialog"" target=""_blank""><font color=""blue"">https://play.google.com/store/apps/details?id=com.google.android.wifi.dialog</font></a>"	\data\system\packages.list
com.android.nfc.auto_generated_rro_vendor__	"<a href=""https://play.google.com/store/apps/details?id=com.android.nfc.auto_generated_rro_vendor__"" target=""_blank""><font color=""blue"">https://play.google.com/store/apps/details?id=com.android.nfc.auto_generated_rro_vendor__</font></a>"	\data\system\packages.list
com.google.android.connectivitythermalpowermanager	"<a href=""https://play.google.com/store/apps/details?id=com.google.android.connectivitythermalpowermanager"" target=""_blank""><font color=""blue"">https://play.google.com/store/apps/details?id=com.google.android.connectivitythermalpowermanager</font></a>"	\data\system\packages.list
com.android.vpndialogs	"<a href=""https://play.google.com/store/apps/details?id=com.android.vpndialogs"" target=""_blank""><font color=""blue"">https://play.google.com/store/apps/details?id=com.android.vpndialogs</font></a>"	\data\system\packages.list
com.google.android.apps.wallpaper	"<a href=""https://play.google.com/store/apps/details?id=com.google.android.apps.wallpaper"" target=""_blank""><font color=""blue"">https://play.google.com/store/apps/details?id=com.google.android.apps.wallpaper</font></a>"	\data\system\packages.list
com.google.android.odad	"<a href=""https://play.google.com/store/apps/details?id=com.google.android.odad"" target=""_blank""><font color=""blue"">https://play.google.com/store/apps/details?id=com.google.android.odad</font></a>"	\data\system\packages.list
com.android.angle	"<a href=""https://play.google.com/store/apps/details?id=com.android.angle"" target=""_blank""><font color=""blue"">https://play.google.com/store/apps/details?id=com.android.angle</font></a>"	\data\system\packages.list
com.android.phone	"<a href=""https://play.google.com/store/apps/details?id=com.android.phone"" target=""_blank""><font color=""blue"">https://play.google.com/store/apps/details?id=com.android.phone</font></a>"	\data\system\packages.list
com.android.shell	"<a href=""https://play.google.com/store/apps/details?id=com.android.shell"" target=""_blank""><font color=""blue"">https://play.google.com/store/apps/details?id=com.android.shell</font></a>"	\data\system\packages.list
com.google.android.apps.recorder	"<a href=""https://play.google.com/store/apps/details?id=com.google.android.apps.recorder"" target=""_blank""><font color=""blue"">https://play.google.com/store/apps/details?id=com.google.android.apps.recorder</font></a>"	\data\system\packages.list
com.android.wallpaperbackup	"<a href=""https://play.google.com/store/apps/details?id=com.android.wallpaperbackup"" target=""_blank""><font color=""blue"">https://play.google.com/store/apps/details?id=com.android.wallpaperbackup</font></a>"	\data\system\packages.list
com.android.providers.blockednumber	"<a href=""https://play.google.com/store/apps/details?id=com.android.providers.blockednumber"" target=""_blank""><font color=""blue"">https://play.google.com/store/apps/details?id=com.android.providers.blockednumber</font></a>"	\data\system\packages.list
com.android.settings.auto_generated_rro_product__	"<a href=""https://play.google.com/store/apps/details?id=com.android.settings.auto_generated_rro_product__"" target=""_blank""><font color=""blue"">https://play.google.com/store/apps/details?id=com.android.settings.auto_generated_rro_product__</font></a>"	\data\system\packages.list
com.google.android.apps.work.clouddpc	"<a href=""https://play.google.com/store/apps/details?id=com.google.android.apps.work.clouddpc"" target=""_blank""><font color=""blue"">https://play.google.com/store/apps/details?id=com.google.android.apps.work.clouddpc</font></a>"	\data\system\packages.list
com.android.providers.userdictionary	"<a href=""https://play.google.com/store/apps/details?id=com.android.providers.userdictionary"" target=""_blank""><font color=""blue"">https://play.google.com/store/apps/details?id=com.android.providers.userdictionary</font></a>"	\data\system\packages.list
com.hld.anzenbokusucal	"<a href=""https://play.google.com/store/apps/details?id=com.hld.anzenbokusucal"" target=""_blank""><font color=""blue"">https://play.google.com/store/apps/details?id=com.hld.anzenbokusucal</font></a>"	\data\system\packages.list
com.google.android.apps.carrier.carrierwifi	"<a href=""https://play.google.com/store/apps/details?id=com.google.android.apps.carrier.carrierwifi"" target=""_blank""><font color=""blue"">https://play.google.com/store/apps/details?id=com.google.android.apps.carrier.carrierwifi</font></a>"	\data\system\packages.list
com.android.emergency	"<a href=""https://play.google.com/store/apps/details?id=com.android.emergency"" target=""_blank""><font color=""blue"">https://play.google.com/store/apps/details?id=com.android.emergency</font></a>"	\data\system\packages.list
com.android.providers.media.overlay.pixel	"<a href=""https://play.google.com/store/apps/details?id=com.android.providers.media.overlay.pixel"" target=""_blank""><font color=""blue"">https://play.google.com/store/apps/details?id=com.android.providers.media.overlay.pixel</font></a>"	\data\system\packages.list
com.android.captiveportallogin.overlay	"<a href=""https://play.google.com/store/apps/details?id=com.android.captiveportallogin.overlay"" target=""_blank""><font color=""blue"">https://play.google.com/store/apps/details?id=com.android.captiveportallogin.overlay</font></a>"	\data\system\packages.list
com.google.android.gms.location.history	"<a href=""https://play.google.com/store/apps/details?id=com.google.android.gms.location.history"" target=""_blank""><font color=""blue"">https://play.google.com/store/apps/details?id=com.google.android.gms.location.history</font></a>"	\data\system\packages.list
com.android.internal.systemui.navbar.gestural	"<a href=""https://play.google.com/store/apps/details?id=com.android.internal.systemui.navbar.gestural"" target=""_blank""><font color=""blue"">https://play.google.com/store/apps/details?id=com.android.internal.systemui.navbar.gestural</font></a>"	\data\system\packages.list
com.android.location.fused	"<a href=""https://play.google.com/store/apps/details?id=com.android.location.fused"" target=""_blank""><font color=""blue"">https://play.google.com/store/apps/details?id=com.android.location.fused</font></a>"	\data\system\packages.list
com.android.systemui	"<a href=""https://play.google.com/store/apps/details?id=com.android.systemui"" target=""_blank""><font color=""blue"">https://play.google.com/store/apps/details?id=com.android.systemui</font></a>"	\data\system\packages.list
com.google.android.ondevicepersonalization.services	"<a href=""https://play.google.com/store/apps/details?id=com.google.android.ondevicepersonalization.services"" target=""_blank""><font color=""blue"">https://play.google.com/store/apps/details?id=com.google.android.ondevicepersonalization.services</font></a>"	\data\system\packages.list
com.google.android.hardwareinfo	"<a href=""https://play.google.com/store/apps/details?id=com.google.android.hardwareinfo"" target=""_blank""><font color=""blue"">https://play.google.com/store/apps/details?id=com.google.android.hardwareinfo</font></a>"	\data\system\packages.list
com.google.android.apps.youtube.music	"<a href=""https://play.google.com/store/apps/details?id=com.google.android.apps.youtube.music"" target=""_blank""><font color=""blue"">https://play.google.com/store/apps/details?id=com.google.android.apps.youtube.music</font></a>"	\data\system\packages.list
com.android.bluetoothmidiservice	"<a href=""https://play.google.com/store/apps/details?id=com.android.bluetoothmidiservice"" target=""_blank""><font color=""blue"">https://play.google.com/store/apps/details?id=com.android.bluetoothmidiservice</font></a>"	\data\system\packages.list
com.google.android.dreamlinerupdater	"<a href=""https://play.google.com/store/apps/details?id=com.google.android.dreamlinerupdater"" target=""_blank""><font color=""blue"">https://play.google.com/store/apps/details?id=com.google.android.dreamlinerupdater</font></a>"	\data\system\packages.list
com.android.traceur	"<a href=""https://play.google.com/store/apps/details?id=com.android.traceur"" target=""_blank""><font color=""blue"">https://play.google.com/store/apps/details?id=com.android.traceur</font></a>"	\data\system\packages.list
com.google.android.cellbroadcastreceiver	"<a href=""https://play.google.com/store/apps/details?id=com.google.android.cellbroadcastreceiver"" target=""_blank""><font color=""blue"">https://play.google.com/store/apps/details?id=com.google.android.cellbroadcastreceiver</font></a>"	\data\system\packages.list
com.google.android.apps.helprtc	"<a href=""https://play.google.com/store/apps/details?id=com.google.android.apps.helprtc"" target=""_blank""><font color=""blue"">https://play.google.com/store/apps/details?id=com.google.android.apps.helprtc</font></a>"	\data\system\packages.list
com.android.phone.auto_generated_rro_product__	"<a href=""https://play.google.com/store/apps/details?id=com.android.phone.auto_generated_rro_product__"" target=""_blank""><font color=""blue"">https://play.google.com/store/apps/details?id=com.android.phone.auto_generated_rro_product__</font></a>"	\data\system\packages.list
com.android.omadm.service.auto_generated_rro_vendor__	"<a href=""https://play.google.com/store/apps/details?id=com.android.omadm.service.auto_generated_rro_vendor__"" target=""_blank""><font color=""blue"">https://play.google.com/store/apps/details?id=com.android.omadm.service.auto_generated_rro_vendor__</font></a>"	\data\system\packages.list
android.auto_generated_rro_product__	"<a href=""https://play.google.com/store/apps/details?id=android.auto_generated_rro_product__"" target=""_blank""><font color=""blue"">https://play.google.com/store/apps/details?id=android.auto_generated_rro_product__</font></a>"	\data\system\packages.list
com.google.android.apps.gcs	"<a href=""https://play.google.com/store/apps/details?id=com.google.android.apps.gcs"" target=""_blank""><font color=""blue"">https://play.google.com/store/apps/details?id=com.google.android.apps.gcs</font></a>"	\data\system\packages.list
com.android.bluetooth	"<a href=""https://play.google.com/store/apps/details?id=com.android.bluetooth"" target=""_blank""><font color=""blue"">https://play.google.com/store/apps/details?id=com.android.bluetooth</font></a>"	\data\system\packages.list
com.android.providers.contacts	"<a href=""https://play.google.com/store/apps/details?id=com.android.providers.contacts"" target=""_blank""><font color=""blue"">https://play.google.com/store/apps/details?id=com.android.providers.contacts</font></a>"	\data\system\packages.list
com.google.android.GoogleCamera	"<a href=""https://play.google.com/store/apps/details?id=com.google.android.GoogleCamera"" target=""_blank""><font color=""blue"">https://play.google.com/store/apps/details?id=com.google.android.GoogleCamera</font></a>"	\data\system\packages.list
com.android.internal.systemui.navbar.gestural_narrow_back	"<a href=""https://play.google.com/store/apps/details?id=com.android.internal.systemui.navbar.gestural_narrow_back"" target=""_blank""><font color=""blue"">https://play.google.com/store/apps/details?id=com.android.internal.systemui.navbar.gestural_narrow_back</font></a>"	\data\system\packages.list
com.verizon.llkagent	"<a href=""https://play.google.com/store/apps/details?id=com.verizon.llkagent"" target=""_blank""><font color=""blue"">https://play.google.com/store/apps/details?id=com.verizon.llkagent</font></a>"	\data\system\packages.list
com.google.android.inputmethod.latin	"<a href=""https://play.google.com/store/apps/details?id=com.google.android.inputmethod.latin"" target=""_blank""><font color=""blue"">https://play.google.com/store/apps/details?id=com.google.android.inputmethod.latin</font></a>"	\data\system\packages.list
com.google.android.trichromelibrary_506007133	"<a href=""https://play.google.com/store/apps/details?id=com.google.android.trichromelibrary_506007133"" target=""_blank""><font color=""blue"">https://play.google.com/store/apps/details?id=com.google.android.trichromelibrary_506007133</font></a>"	\data\system\packages.list
com.google.android.storagemanager	"<a href=""https://play.google.com/store/apps/details?id=com.google.android.storagemanager"" target=""_blank""><font color=""blue"">https://play.google.com/store/apps/details?id=com.google.android.storagemanager</font></a>"	\data\system\packages.list
android.auto_generated_rro_vendor__	"<a href=""https://play.google.com/store/apps/details?id=android.auto_generated_rro_vendor__"" target=""_blank""><font color=""blue"">https://play.google.com/store/apps/details?id=android.auto_generated_rro_vendor__</font></a>"	\data\system\packages.list
com.google.android.apps.restore	"<a href=""https://play.google.com/store/apps/details?id=com.google.android.apps.restore"" target=""_blank""><font color=""blue"">https://play.google.com/store/apps/details?id=com.google.android.apps.restore</font></a>"	\data\system\packages.list
